,Sm,mae,adpEm,maxEm,avgEm,adpFm,maxFm,avgFm,wFm,mBA
InSPyReNet_SwinB,0.8939308391272981,0.04680055508228844,0.8910572492782095,0.9344243196742429,0.9246220693002943,0.8426431448494417,0.8944478189750743,0.8719099332353057,0.8592847953217982,
InSPyReNet_Res2Net50,0.8761779728211179,0.0566281858618421,0.8721315437727089,0.9172157152491781,0.905690982224393,0.8089253188310759,0.8694250106453704,0.8482330331375871,0.8294079522164809,
e2,0.8928264951013323,0.04740827644359617,0.8810568994740935,0.9314481831039367,0.9209859283410511,0.818918644530137,0.8905589918169405,0.8675009467186997,0.8547683453552207,
e1,0.8798866347766133,0.057050237422491955,0.8768387261522832,0.9210074437027937,0.9052700621383156,0.8050162102982263,0.8764157191519779,0.8488304378686666,0.8301444294840915,
