,Sm,mae,adpEm,maxEm,avgEm,adpFm,maxFm,avgFm,wFm,mBA
InSPyReNet_SwinB_H,0.9597438664162696,0.014160470356539934,0.9609636291703808,0.9777952401892523,0.9690019209905596,0.9181950128490414,0.9569465055370294,0.9393582625075798,0.9317788554806509,0.7659410096007594
InSPyReNet_SwinB_HU,0.9452256363327624,0.02318066111628106,0.9400496084753481,0.9640095620819557,0.9515302761918505,0.8913201874209733,0.940342694467378,0.9146163832263634,0.9032541114113707,0.785830143952312
InSPyReNet_SwinB,0.9451505327426435,0.019152155401878184,0.9448736944435332,0.9710510074686303,0.9576357514363374,0.8872478642842668,0.9396698487151302,0.9131931054921341,0.8987980206551434,0.7002194234330955
InSPyReNet_Res2Net50,0.929089919733807,0.025551943233222366,0.9318903093550361,0.958647694272265,0.9433052025233348,0.8652245359568105,0.920000566237615,0.8916379680059083,0.8682781337467113,0.6881909405272699
e2,0.9485125509841467,0.017588731642700087,0.943926883140852,0.9757183996058073,0.9615451115969507,0.8827703475007591,0.9438979289249378,0.9162934313574174,0.9020569121696889,0.6990505829940578
e1,0.9342555480191096,0.02486996542672955,0.9279060645115125,0.9622707497061758,0.9438190051757815,0.8578544492929459,0.9264055143369611,0.8942132159213494,0.8729671136498154,0.6841045954211937
