,Sm,mae,adpEm,maxEm,avgEm,adpFm,maxFm,avgFm,wFm,mBA
InSPyReNet_SwinB_H,0.972228988486951,0.007265659035324532,0.9821794241536267,0.9947263086441317,0.9854064524956763,0.9305899088400587,0.976058060474245,0.9513287428170671,0.9493914125469161,0.7703432949409545
InSPyReNet_SwinB_HU,0.9529515235361552,0.013245146977200065,0.948504669077134,0.9769854030734235,0.9604244461469758,0.8802183622090493,0.9384753153824809,0.9064348714972004,0.8984226525561867,0.7901756881709483
InSPyReNet_SwinB,0.952853743183421,0.012668857679970285,0.9612903218111224,0.9864684334161444,0.9718179083554672,0.8791537596659581,0.9475925707256565,0.9128352917230536,0.9025733169505815,0.7046772419750675
InSPyReNet_Res2Net50,0.9373978618000358,0.017043663086677124,0.9508706665507717,0.9777906435969487,0.9605707518891832,0.8570795674995122,0.9262175669701271,0.8896800100315791,0.8726346370552255,0.6951485981440354
e2,0.9540984208727545,0.012708141596286871,0.9577683447087191,0.988553803737642,0.9722073369292427,0.8663708587551903,0.9502692863804122,0.9120419020154442,0.9004238427051594,0.7012360233993885
e1,0.9452135679296797,0.016459702534498383,0.9496431716218308,0.9838179553791341,0.9613808351497696,0.8482875773693026,0.9410471609812976,0.8956741030524191,0.8752690785162337,0.6895980013239583
