,Sm,mae,adpEm,maxEm,avgEm,adpFm,maxFm,avgFm,wFm,mBA
InSPyReNet_SwinB,0.9441481784500719,0.02087313465003113,0.9670924110039465,0.9773366816061158,0.9658678533465079,0.9225693874975692,0.9549873530603131,0.9308814590757071,0.926627292800198,0.722834405663281
InSPyReNet_Res2Net50,0.9294897269304361,0.028085419492522332,0.9565516502466439,0.964780577002732,0.9512230421961405,0.9074208125322348,0.937942235311503,0.9135675698698809,0.902895073290778,0.7131459500015231
e2,0.9432219759303119,0.021725262680558497,0.9655091918709284,0.9764447926524192,0.9638721723965102,0.91957155565644,0.9535582820908681,0.9285785167116631,0.9236440379343216,0.7254854087788176
e1,0.9346314393995235,0.026786665967455863,0.9566899623420109,0.9688138700832598,0.951996006416445,0.9060777661260729,0.9433734902138464,0.9147896648444127,0.9053069788060897,0.7152800777256082
