,Sm,mae,adpEm,maxEm,avgEm,adpFm,maxFm,avgFm,wFm,mBA
InSPyReNet_SwinB,0.9318143097989272,0.023922740166560142,0.9287300115358085,0.964130120264038,0.949390753243569,0.8566353408951691,0.9278841828432742,0.8966940490620938,0.8902347048493436,0.7037646425486449
InSPyReNet_Res2Net50,0.9037842014696467,0.035534149547431726,0.9004223901723526,0.940737973012929,0.9233400411441142,0.8105546973420543,0.891613275986444,0.8589338362846826,0.8417017688034805,0.6904888057156784
e2,0.9297488434046584,0.025607398522554475,0.9200121161747015,0.9622290194212483,0.9461087311789566,0.8408272421180051,0.9254451243224037,0.893363058533353,0.8852346653048316,0.7046844234013163
e1,0.9167446819810583,0.030097585920254456,0.9073852811587733,0.9509882815948728,0.9291376127230396,0.815400143886553,0.9073608187757859,0.870787762578263,0.8554372762901409,0.6899518531792931
InSPyReNet_SwinB_HU_LR,0.9308307762688183,0.024034734713889918,0.9244287824319736,0.963076799795394,0.9485838800795217,0.8480535222637615,0.9278000161289994,0.8962552577787277,0.8892393027061538,0.7029160198009398
