,Sm,mae,adpEm,maxEm,avgEm,adpFm,maxFm,avgFm,wFm,mBA
InSPyReNet_SwinB_H,0.9353996656227382,0.02790831483201232,0.9142601244528223,0.9545456724184204,0.945031375324451,0.8892604852659616,0.9378504404767752,0.926393844833763,0.9139218134374648,0.785283701189056
InSPyReNet_SwinB,0.9278151771080948,0.03201366246736108,0.9184924260854164,0.9516782687427373,0.9403018413649544,0.893247606558056,0.9320927151675437,0.91558171799813,0.8996706842473032,0.7244017365142185
InSPyReNet_Res2Net50,0.905850125744894,0.043363245971020724,0.8968346820980787,0.9348622938040945,0.9203984290571401,0.8598853653368923,0.9080343242299024,0.8906075658839252,0.865633926197508,0.7081115299658514
e2,0.9290247637070886,0.031612696736292634,0.9084266755464122,0.9535516115199009,0.9412882925579489,0.8703453181374123,0.9342491091367303,0.9155348645920245,0.8998512604461534,0.7230831254473102
e1,0.9174770534528496,0.03948174899212807,0.9001999302656056,0.944776507761958,0.9284882513719607,0.8557515456766656,0.918977551201593,0.8970693476763173,0.8761668408386885,0.7093004390185754
InSPyReNet_SwinB_HU,0.9433907753458489,0.02484451276331727,0.9111993508636039,0.9622632112383925,0.9531734643907938,0.8845777279623039,0.946678624818236,0.9313748467953673,0.9206229545842144,0.8222262516223967
