,Sm,mae,adpEm,maxEm,avgEm,adpFm,maxFm,avgFm,wFm,mBA
InSPyReNet_SwinB,0.8744132378813411,0.045745881522458495,0.8964721797532823,0.9013208880567161,0.890003134021802,0.7944949598499886,0.8289671562672084,0.8084498479828237,0.7975401524423491,0.6545987973109734
InSPyReNet_Res2Net50,0.8446512258353152,0.05926977076615986,0.865722973080574,0.8745711007875133,0.8600454578430538,0.7455830784071533,0.7902705300721112,0.7653144228935713,0.7453571896725796,0.6431386158229964
e2,0.8761983915703684,0.04604776273393805,0.8904098364161487,0.9042558194095344,0.8908209892358037,0.7879672349979047,0.8334099461949769,0.8098946596426085,0.7976124868178314,0.6549180282491834
e1,0.8653428644687738,0.048812247904863416,0.8800563638162883,0.8990718800671604,0.8786862776766053,0.7655130923972631,0.816528458254922,0.7874245501569532,0.7703559673268858,0.6459356221660422
InSPyReNet_SwinB_HU_LR,0.8795540135289499,0.04181230781578166,0.8997634562576378,0.9073612644884611,0.8955936465472776,0.7966084309442337,0.8365379508357182,0.8148685785024421,0.8041852623436443,0.6538085151688514
