,Sm,mae,adpEm,maxEm,avgEm,adpFm,maxFm,avgFm,wFm,mBA
InSPyReNet_SwinB,0.9511118767312087,0.022091974137682897,0.9453584804939649,0.9745736015482868,0.9646014229752073,0.9261915840976067,0.9622321976060394,0.9427315589693213,0.939035536550536,0.7327009341753682
InSPyReNet_Res2Net50,0.9363773687663964,0.03080231581495028,0.9270482914804878,0.9644697213906284,0.9528637242098648,0.8991616487703289,0.9486746378559752,0.9283388079884471,0.9189679306790554,0.7208471601640968
e2,0.9508743654186121,0.022525047552891114,0.9373882085407702,0.9749898726995662,0.9640075157120465,0.9106646552574164,0.9628727425913275,0.9423449206444464,0.9382556465512882,0.734363509184486
e1,0.936264339369605,0.032134345091135656,0.9296795350095826,0.9607813814536941,0.946584123338552,0.8942205619579812,0.9453785886118865,0.9212703476031621,0.9122337233571126,0.7198737083812285
